Active,Assertive,Energetic,Enthusiastic,Outgoing,Talkative,Appreciative,Forgiving,Generous,Kind,Sympathetic,Trusting,Efficient,Organized,Planful,Reliable,Responsible,Thorough,Anxious,Self-pitying,Tense,Touchy,Unstable,Worrying,Artistic,Curious,Imaginative,Insightful,Original,Wide-Interests
Active,confident,active,amped,extrovert,articulate,grateful,lenient,acceptable,affectionate,acceptable,believing,able,plan,full-of-plans,decent,answerable,accurate,worried,depression,anxious,sensitive,ambiguous,gloom,aesthetic,inquisitive,artistic,intelligent,authentic,ample
Live,decisive,aggressive,eager,unreserved,chatty,responsive,magnanimous,benevolent,amiable,benevolent,confiding,active,well-organized,resourceful,decisive,culpable,careful,concerned,grief,nervous,oversensitive,changeable,fret,creative,interested,extravagant,penetrating,initial,broad
dynamic,emphatic,dynamic,keen,demonstrative,effusive,beholden,merciful,big,charitable,big,credulous,adequate,well-ordered,scheming,dependable,guilty,complete,apprehensive,misery,edgy,hypersensitive,erratic,be-worried,decorative,analytical,fanciful,sharp,aboriginal,catholic
zestful,forceful,enterprising,anxious,affectionate,garrulous,indebted,accepting,charitable,compassionate,charitable,gullible,capable,in-order,schemes,good,important,comprehensive,fearful,regret,strained,easily-offended,fickle,be-concerned,dramatic,disquisitive,fantastic,shrewd,beginning,comprehensive
spirited,insistent,industrious,ardent,genial,glib,obliged,kind,considerate,considerate,considerate,innocent,competent,well-run,intentional,honest,liable,detailed,uneasy,remorse,stressed,thin-skinned,insecure,be-anxious,imaginative,examining,ingenious,smart,first,expanded
vital,pushy,lively,avid,cordial,loquacious,pleased,altruistic,fair,cordial,fair,naive,decisive,well-regulated,construct,positive,pledged,exhaustive,ill-at-ease,distress,under-a-strain,irritable,irrational,disturb,musical,impertinent,offbeat,alert,infant,expansive
vibrant,self-assured,powerful,concerned,approachable,voluble,thankful,charitable,good,courteous,good,undoubting,dynamic,orderly,coordinate,predictable,subject,full,perturbed,desolation,under-pressure,tetchy,precarious,distress,cultivated,inquiring,original,awake,opening,extensive
sparkling,self-confident,spirited,earnest,gregarious,big-mouthed,gratified,considerate,helpful,friendly,helpful,unquestioning,economical,efficient,create,respectable,at-fault,intensive,troubled,disappointment,agitated,crotchety,risky,upset,cultured,inspecting,romantic,aware,pioneer,far-reaching
bouncy,absolute,sprightly,exuberant,attention-seeking,chattering,active,forgiving,honest,gentle,honest,unsuspecting,energetic,neat,establish,safe,at-the-helm,meticulous,disquieted,despondency,unrelaxed,irascible,rocky,concern,elegant,interfering,visionary,brainy,primary,general
bubbly,assured,spry,fanatical,convival,eloquent,aware,selfless,hospitable,gracious,hospitable,unsuspicious,potent,tidy,form,sincere,authoritative,painstaking,bothered,dejection,in-a-state-of-nerves,peevish,sensitive,shaky,exquisite,intrusive,vivid,conscious,prime,immense
perky,certain,strong,fervent,garrulous,fluent,compassionate,unselfish,lavish,humane,lavish,accepting,powerful,methodogical,formulate,solid,bonded,profound,disturbed,disconsolate,fretful,querulous,shaky,agonize,fine,investigative,whimsical,cute,primitive,inclusive
magnetic,decided,tireless,forceful,hail-fellow-well-met,full-of-hot-air,conscious,unstinting,reasonable,kindhearted,reasonable,assuming,productive,businesslike,regulate,stable,bound,absolute,distressed,dispirited,uneasy,bad-tempered,slippery,brood,graceful,meddlesome,avant-garde,discerning,archetypal,large
flamboyant,demanding,vigorous,passionate,open,gabby,reactive,all-heart,thoughtful,kindly,thoughtful,convinced,profitable,systematic,run,steady,bound-to,arrant,fretful,gloom,restless,short-tempered,ticklish,dwell-on,grand,meddling,blue-sky,ear-to-the-ground,autochthonous,sweeping
passionate,dogmatic,animated,pleased,warm,gossipy,receptive,beneficent,tolerant,loving,tolerant,positive,skilled,structured,set-up,strong,carrying-the-load,consummate,fretting,doldrums,highly-strung,hot-tempered,tricky,panic,harmonious,nosy,brain-wave,intuitive,commencing,vast
sparky,domineering,ball-of-fire,rabid,approachable,long-winded,sensible,benevolent,unselfish,sympathetic,unselfish,presuming,skillful,arranged,adapt,candid,censurable,exact,agitated,dolefulness,tenterhooks,quick-tempered,uncertain,get-in-a-panic,ideal,peeping,breaking-ground,keen,early,completely
go-go,firm,breezy,rhapsodic,civil,loose-lipped,sensitive,big,willing,thoughtful,willing,certain,tough,together,adjust,careful,chargeable,extreme,nervious,dreariness,fidgety,snappy,unpredictable,lose-sleep,ornamental,peering,clever,knowing,elementary,fully
ballsy,forward,brisk,vigorous,communicative,loudmouthed,susceptible,bighearted,altruistic,tolerant,altruistic,having-faith,useful,collocate,catalogue,certain,compelled,finished,edgy,forlonness,panicky,captious,unsettled,get-worked-up,pictorial,prurient,dreamy,knowledgeable,embryonic,right-out
gutsy,militant,demoniac,warm,easy,mouthy,sympathetic,bountiful,beneficent,humanitarian,beneficent,sure,valuable,categorize,classify,conscientious,constrained,ingrained,tense,glumness,nervy,crabbed,unsteady,get-ina-fluster,picturesque,prying,enterprising,knows-what's-what,first-hand,to-the-furthest-extent
go-ahead,overbearing,driving,willing,expansive,multiloquent,acknowledging,free,bounteous,understanding,bounteous,undoubting,accomplished,compile,codify,constant,contracted,out-and-out,overwrought,heartsickness,jittery,temperamental,volatile,flustered,pleasing,puzzled,fertile,observant,genuine,NA
driving,positive,forcible,zealous,friendly,prolix,alive,generous,bountiful,all-heart,bountiful,admit,adapted,regiment,combine,definite,decision-making,thoroughly,on-edge,joylessness,twitchy,prickly,weak,get-overwrought,poetic,questioning,fictive,penetrative,inceptive,NA
alluring,strong-willed,fresh,agog,informal,rattling,answering,great,easy,altruistic,easy,confess,apt,standardize,compose,determined,devolving-on,unmitigated,worried-sick,melancholy,uptight,edgy,wobbly,be-on-tenterhooks,refined,scrutinizing,high-flown,quick,introductory,NA
fascinating,sure,hardy,animated,kind,slick,awake,greathearted,equitable,amicable,equitable,disclose,businesslike,uniform,constitute,devoted,duty-bound,utter,with-one's-heart-in-one's-mouth,miserableness,wired,cross,borderline,butterflies-in-stomach,rhythmical,searching,inspired,responsive,primeval,NA
captivating,bullish,high-powered,athirst,sociable,smooth,forthcoming,handsome,excellent,beneficent,excellent,impart,clever,coordinated,correlate,faithful,engaged,excellent,on-pins-and-needles,crying-towel,het-up,surly,capricious,get-in-a-flap,sensitive,snoopy,originative,savvy,primordial,NA
seductive,commanding,indefatigable,attracted,sympathetic,talky,impressionable,has-heart-in-right-place,free,benevolent,free,reveal,conducive,planned,dispose,firm,executive,perfect,stressed,cry-in-one's-beer,spooky,crusty,dizzy,stew,stimulating,tampering,pie-in-the-sky,sensitive,pristine,NA
hypnotic,NA,kinetic,bugged,unconstrained,verbal,influenceable,high-minded,greathearted,benign,greathearted,suggest,deft,planning,fashion,high-principled,exposed,categorical,under-stress,eat-one's-heart,overstrung,curmudgeonly,dubious,alarming,stylish,big-eyed,poetic,tuned-in,prototypal,NA
mesmeric,NA,lusty,crazy-about,unrestrained,verbose,kindhearted,kindly,high-minded,big,high-minded,whisper,economic,catalogue,fit,honorable,fettered,faultless,flurried,cry-on-shoulder,nerve-racking,cantankerous,fitful,concerning,sublime,challenging,poetical,understanding,rudimental,NA
lively,NA,peppy,devoted,NA,vocal,open,knightly,honorable,bleeding-heart,honorable,buzz,effectual,NA,frame,impeccable,hampered,flawless,jittery,NA,stressful,petulant,fluctuating,worrisome,tasteful,forward,productive,wise,rudimentary,NA
NA,NA,potent,dying-to,NA,windy,passionate,liberal,just,bounteous,just,hint,efficacious,NA,group,incorrupt,held,ideal,twitchy,NA,fraught,waspish,giddy,daunting,adorning,impertinent,quixotic,adroit,underivative,NA
NA,NA,red-blooded,ebullient,NA,wordy,perceptive,lofty,kind,clement,kind,insinuate,equal-to,NA,harmonize,loyal,high,impeccable,in-a-tizz,NA,nail-biting,pettish,inconsistent,perturbing,advancing,inquiring,utopian,canny,underived,NA
NA,NA,rugged,exhilarated,NA,babbling,persuadable,loose,kindhearted,congenial,kindhearted,intimate,experienced,NA,marshal,okay,in-authority,thorough,tizzy,NA,toey,quarrelsome,inconstant,trying,beautifying,inquisitorial,absurd,crafty,accurate,NA
NA,NA,snappy,fascinated,NA,Blathering,replying,munificent,kindly,eleemosynary,kindly,tell,expert,NA,mold,proved,in-control,ultimate,squirrelly,NA,white-knuckle,splenetic,lubricious,taxing,beneficial,personal,bizarre,bright,authoritative,NA
NA,NA,stalwart,fervid,NA,gibbering,respondent,noble,liberal,good-hearted,liberal,bend-an-ear,familiar,NA,pigeonhole,reputable,incumbent,unblemished,in-a-twit,NA,NA,grumpy,mercurial,vexatious,broadening,poking,costly,calculating,convincing,NA
NA,NA,strenuous,gaga,NA,communicative,sensile,openhanded,lofty,heart-in-right-place,lofty,crack-to,fitted,NA,range,responsible,minding-the-store,unflawed,toey,NA,NA,fractious,mobile,niggling,civilizing,presumptuous,exaggerated,clever,credible,NA
NA,NA,sturdy,gone-on,NA,profuse,sentient,Santa-Claus,loose,indulgent,loose,lay-it-on,good-at,NA,settle,righteous,obligated,untarnished,overstung,NA,NA,highly-strung,movable,bothersome,constructive,probing,excessive,foxy,legitimate,NA
NA,NA,tough,gung-ho,NA,rambling,sharp,soft,magnanimous,lenient,magnanimous,lay-the-gaff,good-for,NA,shape,sound,obliged,rigourous,unquiet,NA,NA,grouchy,moving,troublesome,corrective,sifting,exorbitant,not-born-yesterday,original,NA
NA,NA,unflagging,hearty,NA,gushing,softhearted,soft-touch,moderate,mild,moderate,let-in-on,handy,NA,standardize,staunch,on-the-hook,in-depth,worked-up,NA,NA,cranky,mutable,unsettling,developmental,snooping,expensive,on-the-ball,pure,NA
NA,NA,untiring,intent,NA,with-the-gift-of-gab,susceptive,ungrudging,munificent,neighborly,munificent,spill-to,masterly,NA,straighten,steadfast,open,thoroughgoing,keyed-up,NA,NA,ratty,not-fixed,harassing,dignifying,speculative,fancy,perspicacious,reliable,NA
NA,NA,vital,keyed-up,NA,having-kissed-the-blarney-stone,tender,compassionate,noble,obliging,noble,unload-on,organized,NA,tabulate,sterling,susceptive,minute,strung-out,NA,NA,delicate,rickety,harrying,disciplining,absorbed,flamboyant,quick-on-the-uptake,TRUE,NA
NA,NA,vivacious,lively,NA,yakking,warm,gracious,open-handed,philanthropic,open-handed,absolute,practiced,NA,tailor,sure,sworn-to,close,jumpy,NA,NA,tricky,shifty,nerve-racking,edifying,attentive,flashy,sagacious,trustworthy,NA
NA,NA,zippy,nutty,NA,gassy,warmhearted,humane,philanthropic,propitious,philanthropic,accurate,proficient,NA,be-responsible-for,there,tied,scrupulous,gloom,NA,NA,tickish,suspect,distressing,educative,engrossed,garish,sharp,actual,NA
NA,NA,fiesty,obsessed,NA,unreserved,appreciative,humanitarian,prodigal,soft-touch,prodigal,complete,qualified,NA,get-going,tried,to-blame,assiduous,gloomy,NA,NA,knotty,teetering,dismay,elevating,excited,gaudy,astute,bona-fide,NA
NA,NA,high-spirited,red-hot,NA,expressive,duty-bound,benign,profuse,softhearted,profuse,constant,ready,NA,get-together,tried-and-true,under-contract,conscientious,NA,NA,NA,embarrassing,temperamental,dismaying,ennobling,implicated,grandiose,brilliant,certain,NA
NA,NA,exuberant,spirited,NA,candid,obligated,benignant,soft-touch,tenderhearted,soft-touch,constructive,saving,NA,lick-into-shape,true-blue,under-obligation,methodical,NA,NA,NA,uncomfortable,untrustworthy,disquieting,enriching,involved,implausible,creative,creditable,NA
NA,NA,vigourous,tantalized,NA,NA,obliged,bleeding-heart,ungrudging,caring,ungrudging,contained,shrewd,NA,line-up,true-hearted,in-charge-of,sedulous,NA,NA,NA,uneasy,vacillating,upsetting,expanding,keen,lavish,imaginative,dependable,NA
NA,NA,NA,thrilled,NA,NA,accountable,clement,unsparing,warm,unsparing,definite,systematic,NA,look-after,trusty,in-control-of,elaborate,NA,NA,NA,precarious,variable,traumatic,glorifying,obsessed,ludicrous,inventive,factual,NA
NA,NA,NA,titillated,NA,NA,answerable-for,condoning,unstinting,warmhearted,unstinting,entire,talented,NA,methodize,unequivocal,accountable-for,extensive,NA,NA,NA,chancy,wavering,trauma,helpful,responsive,ornate,original,faithful,NA
NA,NA,NA,unqualified,NA,NA,bound,easygoing,adequate,all-over,adequate,firm,virtuous,NA,put-in-order,unfailing,accountable,widespread,NA,NA,NA,uncertain,weaving,unpleasant,humane,sympathetic,ostentatious,perceptive,for-real,NA
NA,NA,NA,vehement,NA,NA,bounden,feeling,common,attached,common,fixed,well-organized,NA,put-together,unimpeachable,liable-for,sweeping,NA,NA,NA,contentious,wiggly,awkward,humanizing,affected,outrageous,rational,legit,NA
NA,NA,NA,wacky,NA,NA,chargeable,forbearing,decent,crazy-over,decent,full,NA,NA,see-to,upright,charged-with,searching,NA,NA,NA,controversial,tottery,difficult,influential,attracted,overpriced,resourceful,official,NA
NA,NA,NA,wholehearted,NA,NA,honor-bound,gentle,respectable,dear,respectable,implicative,NA,NA,straighten-out,veracious,manage,all-embracing,NA,NA,NA,awkward,tottering,tricky,inspirational,awakened,profligate,well-informed,sure,NA
NA,NA,NA,vivacious,NA,NA,hooked,heart-in-right-place,sufficient,devoted,sufficient,implied,NA,NA,take-care-of,well-founded,oversee,all-inclusive,NA,NA,NA,difficult,doddery,hairy,instructive,biased,reckless,wise,trusty,NA
NA,NA,NA,exhuberant,NA,NA,in-debt,indulgent,tolerable,doting,tolerable,inarticulate,NA,NA,whip-into-shape,well-grounded,superintend,punctilious,NA,NA,NA,sticky,unsafe,sticky,learned,caught,ridiculous,able,twenty-four-carat,NA
NA,NA,NA,NA,NA,NA,in-hock,mild,A-OK,fond,A-OK,inevitable,NA,NA,NA,authentic,supervise,attentive,NA,NA,NA,bundle-of-nerves,unbalanced,thorny,liberal,drawn,showy,acute,valid,NA
NA,NA,NA,NA,NA,NA,liable,pardoning,admissible,huggy,admissible,inferential,NA,NA,NA,definitive,conduct,diligent,NA,NA,NA,wired-up,unreliable,problematic,liberalizing,enticed,silly,alive,veritable,NA
NA,NA,NA,NA,NA,NA,owed,pitiful,all-right,kind,all-right,inferred,NA,NA,NA,attested,run,industrious,NA,NA,NA,wound-up,not-secure,grave,nurturing,fascinated,crazy,all-there,avant-garde,NA
NA,NA,NA,NA,NA,NA,owing,pitying,average,lovey-dovey,average,latent,NA,NA,NA,valid,look-after,perservering,NA,NA,NA,choleric,unfastened,scary,ornamenting,fired,extortionate,apt,brave,NA
NA,NA,NA,NA,NA,NA,responsible,softhearted,cooking-with-gas,mushy,cooking-with-gas,practical,NA,NA,NA,genuine,organize,laborious,NA,NA,NA,testy,bockety,pricky,polishing,gone,extreme,capable,head,NA
NA,NA,NA,NA,NA,NA,NA,sympathetic,cool,nutty-about,cool,steadfast,NA,NA,NA,sounds-true,produce,hard-workgin,NA,NA,NA,NA,irregular,alarm,promoting,hooked,foolish,comprehending,inaugural,NA
NA,NA,NA,NA,NA,NA,NA,tender,copacetic,partial,copacetic,tacit,NA,NA,NA,copper-bottomed,see-to,NA,NA,NA,NA,NA,of-unsound-mind,agitate,raising,impressed,immoderate,deep,lead,NA
NA,NA,NA,NA,NA,NA,NA,tenderhearted,delightful,soft-on,delightful,taken-for-granted,NA,NA,NA,trustworthy,behind,NA,NA,NA,NA,NA,deranged,flurry,refining,inspired,improvident,enlightened,experimental,NA
NA,NA,NA,NA,NA,NA,NA,tolerant,hep,tender,hep,total,NA,NA,NA,unswerving,at-the-bottom-of,NA,NA,NA,NA,NA,demented,plague,regenerative,inspirited,imprudent,exceptional,elemental,NA
NA,NA,NA,NA,NA,NA,NA,compliant,hip,empathetic,hip,unconditional,NA,NA,NA,unwavering,guilty-of,NA,NA,NA,NA,NA,crazed,bedevil,socializing,lured,inordinate,highbrow,simple,NA
NA,NA,NA,NA,NA,NA,NA,allowing,hunky-dory,forgiving,hunky-dory,undeclared,NA,NA,NA,dedicated,culpable-of,NA,NA,NA,NA,NA,distracted,besiege,stimulating,moved,nonsensical,ingenious,abecedarian,NA
NA,NA,NA,NA,NA,NA,NA,amiable,in-the-swim,generous,in-the-swim,understood,NA,NA,NA,committed,blameworthy,NA,NA,NA,NA,NA,crazy,irk,uplifting,occupied,preposterous,instructed,basal,NA
NA,NA,NA,NA,NA,NA,NA,assuaging,kosher,perceptive,kosher,unexpressed,NA,NA,NA,infallible,in-the-wrong,NA,NA,NA,NA,NA,unhinged,vex,widening,open,pretentious,profound,immature,NA
NA,NA,NA,NA,NA,NA,NA,assuasive,large,discerning,large,unfaltering,NA,NA,NA,truthful,NA,NA,NA,NA,NA,NA,insane,weigh-down,affected,predisposed,prodigal,quick-witted,larval,NA
NA,NA,NA,NA,NA,NA,NA,being-big,okay,forbearing,okay,unhesitating,NA,NA,NA,fail-safe,NA,NA,NA,NA,NA,NA,mad,burden,appropriate,prejudiced,spendthrift,ready,nuts-and-bolts,NA
NA,NA,NA,NA,NA,NA,NA,complaisant,on-the-ball,patient,on-the-ball,unqualified,NA,NA,NA,tried-and-tested,NA,NA,NA,NA,NA,NA,raving-mad,lie-heavily-on,apt,roused,steep,reasonable,simplest,NA
NA,NA,NA,NA,NA,NA,NA,easy,on-the-beam,sensitive,on-the-beam,unquestioned,NA,NA,NA,well-built,NA,NA,NA,NA,NA,NA,lunatic,gnaw-at,aristocratic,sold,unbalanced,responsible,uncompleted,NA
NA,NA,NA,NA,NA,NA,NA,emollient,passable,responsive,passable,unreserved,NA,NA,NA,well-engineered,NA,NA,NA,NA,NA,NA,out-of-one's-own-mind,discombobulate,august,stimulated,unconscionable,sage,undeveloped,NA
NA,NA,NA,NA,NA,NA,NA,excusing,peachy-keen,interested,peachy,unsaid,NA,NA,NA,safe-as-a-a-house,NA,NA,NA,NA,NA,NA,out-of-one's-own-head,anguish,chic,stirred,unreasonable,thinking,vestigial,NA
NA,NA,NA,NA,NA,NA,NA,favoring,pleasant,responsive,pleasant,unshakable,NA,NA,NA,NA,NA,NA,NA,NA,NA,NA,neurotic,apprehension,choice,struck,unrestrained,together,fundamental,NA
NA,NA,NA,NA,NA,NA,NA,going-easy-on,pleasing,supportive,pleasing,unspoken,NA,NA,NA,NA,NA,NA,NA,NA,NA,NA,psychotic,doubt,classic,taken,gentle,whiz,straightforward,NA
NA,NA,NA,NA,NA,NA,NA,good-natured,right-on,appreciating,right-on,unuttered,NA,NA,NA,NA,NA,NA,NA,NA,NA,NA,sectionable,fear,clever,touched,introspective,witty,underlying,NA
NA,NA,NA,NA,NA,NA,NA,humoring,standard,benignant,standard,virtual,NA,NA,NA,NA,NA,NA,NA,NA,NA,NA,loopy,headache,comely,eat-sleep-and-breathe,nightmarish,intellectual,ABCs,NA
NA,NA,NA,NA,NA,NA,NA,letting,swell,commiserating,swell,wholehearted,NA,NA,NA,NA,NA,NA,NA,NA,NA,NA,loony,misery,courtly,intent,otherworldly,sapient,child's-play,NA
NA,NA,NA,NA,NA,NA,NA,live-with,trendy,comprehending,trendy,easy,NA,NA,NA,NA,NA,NA,NA,NA,NA,NA,mixed-up,misgiving,cultivated,into,pensive,smart,clear,NA
NA,NA,NA,NA,NA,NA,NA,loving,unexceptional,condoling,unexceptional,inexperienced,NA,NA,NA,NA,NA,NA,NA,NA,NA,NA,nuts,pain,cultured,on-the-case,abstracted,attentive,duck-soup,NA
NA,NA,NA,NA,NA,NA,NA,mollycoddling,unobjectionable,having-heart-in-right-place,unobjectionable,ingenuous,NA,NA,NA,NA,NA,NA,NA,NA,NA,NA,nutty,problem,dainty,partial,astral,discriminating,easy,NA
NA,NA,NA,NA,NA,NA,NA,obliging,up-to-code,pitying,up-to-code,off-guard,NA,NA,NA,NA,NA,NA,NA,NA,NA,NA,bananas,uncertainty,delicate,partisan,calming,mindful,essential,NA
NA,NA,NA,NA,NA,NA,NA,pampering,up-to-snuff,soft,up-to-snuff,simple,NA,NA,NA,NA,NA,NA,NA,NA,NA,NA,cracked,uneasiness,dignified,baffled,chimerical,vigilant,facile,NA
NA,NA,NA,NA,NA,NA,NA,permitting,welcome,sympathizing,welcome,swallowing,NA,NA,NA,NA,NA,NA,NA,NA,NA,NA,crackpot,woe,effective,bewildered,daydreaming,advertent,foundational,NA
NA,NA,NA,NA,NA,NA,NA,soft-shell,astute,tender,astute,taken-in,NA,NA,NA,NA,NA,NA,NA,NA,NA,NA,daft,annoyance,exquisite,clueless,excellent,clear-sighted,meat-and-potatoes,NA
NA,NA,NA,NA,NA,NA,NA,sparing,attentive,vicarious,attentive,trustful,NA,NA,NA,NA,NA,NA,NA,NA,NA,NA,dippy,care,fancy,doubtful,idealistic,considering,plain,NA
NA,NA,NA,NA,NA,NA,NA,spoiling,careful,warmhearted,careful,trusting,NA,NA,NA,NA,NA,NA,NA,NA,NA,NA,screwy,disquiet,fashionable,mystified,imaginary,contemplating,prefatory,NA
NA,NA,NA,NA,NA,NA,NA,NA,cautious,good,cautious,unconscious,NA,NA,NA,NA,NA,NA,NA,NA,NA,NA,bats,disturbance,fine,perplexed,immaterial,correct,preliminary,NA
NA,NA,NA,NA,NA,NA,NA,NA,courteous,good-natured,courteous,unsuspicious,NA,NA,NA,NA,NA,NA,NA,NA,NA,NA,batty,heartache,genteel,rattled,impractical,deducing,primo,NA
NA,NA,NA,NA,NA,NA,NA,NA,deliberate,merciful,deliberate,unwarned,NA,NA,NA,NA,NA,NA,NA,NA,NA,NA,dotty,irritation,graceful,bollixed,intangible,detecting,simplex,NA
NA,NA,NA,NA,NA,NA,NA,NA,discreet,tenderhearted,discreet,unwary,NA,NA,NA,NA,NA,NA,NA,NA,NA,NA,cuckoo,nag,grand,discombobulated,introvertive,discovering,simplified,NA
NA,NA,NA,NA,NA,NA,NA,NA,friendly,warm,friendly,ignorant,NA,NA,NA,NA,NA,NA,NA,NA,NA,NA,bonkers,perplexity,handsome,floored,lulling,eager,substratal,NA
NA,NA,NA,NA,NA,NA,NA,NA,gracious,benevolent,gracious,sincere,NA,NA,NA,NA,NA,NA,NA,NA,NA,NA,potty,pest,ingenious,lost,marvelous,eagle-eyed,uncomplex,NA
NA,NA,NA,NA,NA,NA,NA,NA,polite,charitable,polite,unsophisticated,NA,NA,NA,NA,NA,NA,NA,NA,NA,NA,mental,presentiment,luxurious,nonplussed,misty,heedful,uncomplicated,NA
NA,NA,NA,NA,NA,NA,NA,NA,prudent,humane,prudent,wide-eyed,NA,NA,NA,NA,NA,NA,NA,NA,NA,NA,screwed-up,torment,majestic,shook,musing,intentive,prehistoric,NA
NA,NA,NA,NA,NA,NA,NA,NA,tactful,merciful,tactful,aboveboard,NA,NA,NA,NA,NA,NA,NA,NA,NA,NA,mentally-ill,torture,modish,stuck,mythical,interested,primal,NA
NA,NA,NA,NA,NA,NA,NA,NA,heedful,sympathetic,heedful,artless,NA,NA,NA,NA,NA,NA,NA,NA,NA,NA,off-one's-head,trial,neat,stumped,out-of-this-world,not-missing-a-trick,basic,NA
NA,NA,NA,NA,NA,NA,NA,NA,anxious,forbearing,anxious,callow,NA,NA,NA,NA,NA,NA,NA,NA,NA,NA,out-to-lunch,vexation,nice,thrown,phantasmagoric,obedient,radical,NA
NA,NA,NA,NA,NA,NA,NA,NA,aware,pitying,aware,candid,NA,NA,NA,NA,NA,NA,NA,NA,NA,NA,a-bit-lacking,worriment,noble,at-a-loss,phantasmagorical,observative,archaic,NA
NA,NA,NA,NA,NA,NA,NA,NA,benign,sparing,benign,countrified,NA,NA,NA,NA,NA,NA,NA,NA,NA,NA,round-the-bend,bad-news,opulent,at-sea,preoccupied,on-one's-toes,old,NA
NA,NA,NA,NA,NA,NA,NA,NA,canny,understanding,canny,forthright,NA,NA,NA,NA,NA,NA,NA,NA,NA,NA,round-the-twist,NA,ornamented,come-apart,relaxing,questioning,earliest,NA
NA,NA,NA,NA,NA,NA,NA,NA,chivalrous,all-heart,chivalrous,frank,NA,NA,NA,NA,NA,NA,NA,NA,NA,NA,barmy,NA,ornate,come-unzipped,shadowy,regardful,underived,NA
NA,NA,NA,NA,NA,NA,NA,NA,circumspect,being-big-star,circumspect,fresh,NA,NA,NA,NA,NA,NA,NA,NA,NA,NA,crackers,NA,ostentatious,dopey,soothing,searching,unevolved,NA
NA,NA,NA,NA,NA,NA,NA,NA,civil,bleeding-heart,civil,green,NA,NA,NA,NA,NA,NA,NA,NA,NA,NA,barking,NA,overdone,foggy,speculative,sharp-eyed,NA,NA
NA,NA,NA,NA,NA,NA,NA,NA,concerned,commiserative,concerned,guileless,NA,NA,NA,NA,NA,NA,NA,NA,NA,NA,barking-mad,NA,polished,fouled-up,unreal,surveying,NA,NA
NA,NA,NA,NA,NA,NA,NA,NA,cooperative,going-easy-on,cooperative,harmless,NA,NA,NA,NA,NA,NA,NA,NA,NA,NA,off-one's-trolley,NA,rare,hung-up,unsubstantial,wide-awake,NA,NA
NA,NA,NA,NA,NA,NA,NA,NA,diplomatic,humanitarian,diplomatic,impulsive,NA,NA,NA,NA,NA,NA,NA,NA,NA,NA,daft-as-brush,NA,recherché,in-a-fog,vague,delicate,NA,NA
NA,NA,NA,NA,NA,NA,NA,NA,gallant,indulgent,gallant,innocuous,NA,NA,NA,NA,NA,NA,NA,NA,NA,NA,not-the-full-shilling,NA,rich,loused-up,advantageous,emotional,NA,NA
NA,NA,NA,NA,NA,NA,NA,NA,indulgent,kindhearted,indulgent,instinctive,NA,NA,NA,NA,NA,NA,NA,NA,NA,NA,nutsy,NA,select,messed-up,beneficial,hypersensitive,NA,NA
NA,NA,NA,NA,NA,NA,NA,NA,neighborly,kindly,neighborly,jejune,NA,NA,NA,NA,NA,NA,NA,NA,NA,NA,nutso,NA,simple,mind-blown,constructive,nervous,NA,NA
NA,NA,NA,NA,NA,NA,NA,NA,obliging,lenient,obliging,lamb,NA,NA,NA,NA,NA,NA,NA,NA,NA,NA,squirrelly,NA,stately,mixed-up,dynamic,precise,NA,NA
NA,NA,NA,NA,NA,NA,NA,NA,observant,living-with,observant,like-a-babe-in-the-woods,NA,NA,NA,NA,NA,NA,NA,NA,NA,NA,wacko,NA,stuffy,mucked-up,effective,receptive,NA,NA
NA,NA,NA,NA,NA,NA,NA,NA,observative,old-softie,observative,natural,NA,NA,NA,NA,NA,NA,NA,NA,NA,NA,buggy,NA,stylish,screwed-up,energetic,susceptible,NA,NA
NA,NA,NA,NA,NA,NA,NA,NA,observing,piteous,observing,open,NA,NA,NA,NA,NA,NA,NA,NA,NA,NA,NA,NA,stylized,shook-up,gratifying,tense,NA,NA
NA,NA,NA,NA,NA,NA,NA,NA,regardful,soft-shell,regardful,original,NA,NA,NA,NA,NA,NA,NA,NA,NA,NA,NA,NA,sumptuous,spaced-out,profitable,touchy,NA,NA
NA,NA,NA,NA,NA,NA,NA,NA,responsive,softhearted,responsive,patsy,NA,NA,NA,NA,NA,NA,NA,NA,NA,NA,NA,NA,superior,unglued,prolific,tricky,NA,NA
NA,NA,NA,NA,NA,NA,NA,NA,sensitive,NA,sensitive,plain,NA,NA,NA,NA,NA,NA,NA,NA,NA,NA,NA,NA,turgid,without-a-clue,rewarding,unstable,NA,NA
NA,NA,NA,NA,NA,NA,NA,NA,social,NA,social,simple-minded,NA,NA,NA,NA,NA,NA,NA,NA,NA,NA,NA,NA,well-bred,examining,useful,feeling,NA,NA
NA,NA,NA,NA,NA,NA,NA,NA,solicitous,NA,solicitous,spontaneous,NA,NA,NA,NA,NA,NA,NA,NA,NA,NA,NA,NA,alive,inspecting,valuable,fine,NA,NA
NA,NA,NA,NA,NA,NA,NA,NA,wary,NA,wary,square,NA,NA,NA,NA,NA,NA,NA,NA,NA,NA,NA,NA,allusive,interfering,vigorous,psychic,NA,NA
NA,NA,NA,NA,NA,NA,NA,NA,well-thought-out,NA,well-thought-out,sucker,NA,NA,NA,NA,NA,NA,NA,NA,NA,NA,NA,NA,articulate,NA,worthwhile,seeing,NA,NA
NA,NA,NA,NA,NA,NA,NA,NA,well-bred,NA,well-bred,unaffected,NA,NA,NA,NA,NA,NA,NA,NA,NA,NA,NA,NA,brilliant,reason,generative,cognizant,NA,NA
NA,NA,NA,NA,NA,NA,NA,NA,cheap,NA,cheap,unjaded,NA,NA,NA,NA,NA,NA,NA,NA,NA,NA,NA,NA,colorful,NA,fecund,easily-affected,NA,NA
NA,NA,NA,NA,NA,NA,NA,NA,feasible,NA,feasible,unpretentious,NA,NA,NA,NA,NA,NA,NA,NA,NA,NA,NA,NA,demonstrative,NA,gainful,emotionable,NA,NA
NA,NA,NA,NA,NA,NA,NA,NA,humane,NA,humane,unschooled,NA,NA,NA,NA,NA,NA,NA,NA,NA,NA,NA,NA,dramatic,NA,inventive,high-strung,NA,NA
NA,NA,NA,NA,NA,NA,NA,NA,impartial,NA,impartial,untaught,NA,NA,NA,NA,NA,NA,NA,NA,NA,NA,NA,NA,eloquent,NA,plentiful,hung-up,NA,NA
NA,NA,NA,NA,NA,NA,NA,NA,judicious,NA,judicious,unworldly,NA,NA,NA,NA,NA,NA,NA,NA,NA,NA,NA,NA,emphatic,NA,producing,impressible,NA,NA
NA,NA,NA,NA,NA,NA,NA,NA,justifiable,NA,justifiable,virgin,NA,NA,NA,NA,NA,NA,NA,NA,NA,NA,NA,NA,energetic,NA,rich,irritable,NA,NA
NA,NA,NA,NA,NA,NA,NA,NA,legitimate,NA,legitimate,NA,NA,NA,NA,NA,NA,NA,NA,NA,NA,NA,NA,NA,forcible,NA,abundant,oversensitive,NA,NA
NA,NA,NA,NA,NA,NA,NA,NA,modest,NA,modest,NA,NA,NA,NA,NA,NA,NA,NA,NA,NA,NA,NA,NA,graphic,NA,arable,perceiving,NA,NA
NA,NA,NA,NA,NA,NA,NA,NA,objective,NA,objective,NA,NA,NA,NA,NA,NA,NA,NA,NA,NA,NA,NA,NA,indicative,NA,fruitful,precarious,NA,NA
NA,NA,NA,NA,NA,NA,NA,NA,plausible,NA,plausible,NA,NA,NA,NA,NA,NA,NA,NA,NA,NA,NA,NA,NA,lively,NA,lush,reactive,NA,NA
NA,NA,NA,NA,NA,NA,NA,NA,proper,NA,proper,NA,NA,NA,NA,NA,NA,NA,NA,NA,NA,NA,NA,NA,masterly,NA,bearing,sensatory,NA,NA
NA,NA,NA,NA,NA,NA,NA,NA,rational,NA,rational,NA,NA,NA,NA,NA,NA,NA,NA,NA,NA,NA,NA,NA,meaningful,NA,black,sensile,NA,NA
NA,NA,NA,NA,NA,NA,NA,NA,restrained,NA,restrained,NA,NA,NA,NA,NA,NA,NA,NA,NA,NA,NA,NA,NA,mobile,NA,bountiful,sensorial,NA,NA
NA,NA,NA,NA,NA,NA,NA,NA,sane,NA,sane,NA,NA,NA,NA,NA,NA,NA,NA,NA,NA,NA,NA,NA,moving,NA,breeding,sensory,NA,NA
NA,NA,NA,NA,NA,NA,NA,NA,sensible,NA,sensible,NA,NA,NA,NA,NA,NA,NA,NA,NA,NA,NA,NA,NA,passionate,NA,breedy,sentient,NA,NA
NA,NA,NA,NA,NA,NA,NA,NA,understandable,NA,understandable,NA,NA,NA,NA,NA,NA,NA,NA,NA,NA,NA,NA,NA,pathetic,NA,bringing-forth,supersensitive,NA,NA
NA,NA,NA,NA,NA,NA,NA,NA,valid,NA,valid,NA,NA,NA,NA,NA,NA,NA,NA,NA,NA,NA,NA,NA,pictorial,NA,childing,ticklish,NA,NA
NA,NA,NA,NA,NA,NA,NA,NA,analytical,NA,analytical,NA,NA,NA,NA,NA,NA,NA,NA,NA,NA,NA,NA,NA,picturesque,NA,feracious,touchy-feely,NA,NA
NA,NA,NA,NA,NA,NA,NA,NA,conservative,NA,conservative,NA,NA,NA,NA,NA,NA,NA,NA,NA,NA,NA,NA,NA,poignant,NA,flowering,turned-on-to,NA,NA
NA,NA,NA,NA,NA,NA,NA,NA,controlled,NA,controlled,NA,NA,NA,NA,NA,NA,NA,NA,NA,NA,NA,NA,NA,pointed,NA,flowing-with-milk-and-honey,umbrageous,NA,NA
NA,NA,NA,NA,NA,NA,NA,NA,fit,NA,fit,NA,NA,NA,NA,NA,NA,NA,NA,NA,NA,NA,NA,NA,pregnant,NA,gravid,wired,NA,NA
NA,NA,NA,NA,NA,NA,NA,NA,inexpensive,NA,inexpensive,NA,NA,NA,NA,NA,NA,NA,NA,NA,NA,NA,NA,NA,representative,NA,hebetic,compassionate,NA,NA
NA,NA,NA,NA,NA,NA,NA,NA,knowing,NA,knowing,NA,NA,NA,NA,NA,NA,NA,NA,NA,NA,NA,NA,NA,responsive,NA,loamy,considerate,NA,NA
NA,NA,NA,NA,NA,NA,NA,NA,legit,NA,legit,NA,NA,NA,NA,NA,NA,NA,NA,NA,NA,NA,NA,NA,revelatory,NA,luxuriant,empathetic,NA,NA
NA,NA,NA,NA,NA,NA,NA,NA,low-cost,NA,low-cost,NA,NA,NA,NA,NA,NA,NA,NA,NA,NA,NA,NA,NA,showy,NA,plenteous,forgiving,NA,NA
NA,NA,NA,NA,NA,NA,NA,NA,low-priced,NA,low-priced,NA,NA,NA,NA,NA,NA,NA,NA,NA,NA,NA,NA,NA,significant,NA,pregnant,generous,NA,NA
NA,NA,NA,NA,NA,NA,NA,NA,making-sense,NA,making-sense,NA,NA,NA,NA,NA,NA,NA,NA,NA,NA,NA,NA,NA,silver-tongued,NA,procreant,kindly,NA,NA
NA,NA,NA,NA,NA,NA,NA,NA,politic,NA,politic,NA,NA,NA,NA,NA,NA,NA,NA,NA,NA,NA,NA,NA,spirited,NA,proliferant,sympathetic,NA,NA
NA,NA,NA,NA,NA,NA,NA,NA,reflective,NA,reflective,NA,NA,NA,NA,NA,NA,NA,NA,NA,NA,NA,NA,NA,stirring,NA,puberal,forbearing,NA,NA
NA,NA,NA,NA,NA,NA,NA,NA,right,NA,right,NA,NA,NA,NA,NA,NA,NA,NA,NA,NA,NA,NA,NA,striking,NA,pubescent,kind,NA,NA
NA,NA,NA,NA,NA,NA,NA,NA,sapient,NA,sapient,NA,NA,NA,NA,NA,NA,NA,NA,NA,NA,NA,NA,NA,strong,NA,rank,patient,NA,NA
NA,NA,NA,NA,NA,NA,NA,NA,sound,NA,sound,NA,NA,NA,NA,NA,NA,NA,NA,NA,NA,NA,NA,NA,suggestive,NA,spawning,responsive,NA,NA
NA,NA,NA,NA,NA,NA,NA,NA,standing-to-reason,NA,standing-to-reason,NA,NA,NA,NA,NA,NA,NA,NA,NA,NA,NA,NA,NA,sympathetic,NA,uberous,NA,NA,NA
NA,NA,NA,NA,NA,NA,NA,NA,temperate,NA,temperate,NA,NA,NA,NA,NA,NA,NA,NA,NA,NA,NA,NA,NA,tender,NA,vegetative,NA,NA,NA
NA,NA,NA,NA,NA,NA,NA,NA,unexcessive,NA,unexcessive,NA,NA,NA,NA,NA,NA,NA,NA,NA,NA,NA,NA,NA,thoughtful,NA,virile,NA,NA,NA
NA,NA,NA,NA,NA,NA,NA,NA,unextreme,NA,unextreme,NA,NA,NA,NA,NA,NA,NA,NA,NA,NA,NA,NA,NA,touching,NA,with-child,NA,NA,NA
NA,NA,NA,NA,NA,NA,NA,NA,within-reason,NA,within-reason,NA,NA,NA,NA,NA,NA,NA,NA,NA,NA,NA,NA,NA,understanding,NA,yielding,NA,NA,NA
NA,NA,NA,NA,NA,NA,NA,NA,NA,NA,NA,NA,NA,NA,NA,NA,NA,NA,NA,NA,NA,NA,NA,NA,vivid,NA,adventurous,NA,NA,NA
NA,NA,NA,NA,NA,NA,NA,NA,NA,NA,NA,NA,NA,NA,NA,NA,NA,NA,NA,NA,NA,NA,NA,NA,warm,NA,ambitious,NA,NA,NA
NA,NA,NA,NA,NA,NA,NA,NA,NA,NA,NA,NA,NA,NA,NA,NA,NA,NA,NA,NA,NA,NA,NA,NA,adroit,NA,aspiring,NA,NA,NA
NA,NA,NA,NA,NA,NA,NA,NA,NA,NA,NA,NA,NA,NA,NA,NA,NA,NA,NA,NA,NA,NA,NA,NA,balletic,NA,daring,NA,NA,NA
NA,NA,NA,NA,NA,NA,NA,NA,NA,NA,NA,NA,NA,NA,NA,NA,NA,NA,NA,NA,NA,NA,NA,NA,beautiful,NA,dashing,NA,NA,NA
NA,NA,NA,NA,NA,NA,NA,NA,NA,NA,NA,NA,NA,NA,NA,NA,NA,NA,NA,NA,NA,NA,NA,NA,becoming,NA,diligent,NA,NA,NA
NA,NA,NA,NA,NA,NA,NA,NA,NA,NA,NA,NA,NA,NA,NA,NA,NA,NA,NA,NA,NA,NA,NA,NA,controlled,NA,hardworking,NA,NA,NA
NA,NA,NA,NA,NA,NA,NA,NA,NA,NA,NA,NA,NA,NA,NA,NA,NA,NA,NA,NA,NA,NA,NA,NA,curvaceous,NA,industrious,NA,NA,NA
NA,NA,NA,NA,NA,NA,NA,NA,NA,NA,NA,NA,NA,NA,NA,NA,NA,NA,NA,NA,NA,NA,NA,NA,decorative,NA,intrepid,NA,NA,NA
NA,NA,NA,NA,NA,NA,NA,NA,NA,NA,NA,NA,NA,NA,NA,NA,NA,NA,NA,NA,NA,NA,NA,NA,dexterous,NA,active,NA,NA,NA
NA,NA,NA,NA,NA,NA,NA,NA,NA,NA,NA,NA,NA,NA,NA,NA,NA,NA,NA,NA,NA,NA,NA,NA,easy,NA,teeming,NA,NA,NA
NA,NA,NA,NA,NA,NA,NA,NA,NA,NA,NA,NA,NA,NA,NA,NA,NA,NA,NA,NA,NA,NA,NA,NA,elastic,NA,advancing,NA,NA,NA
NA,NA,NA,NA,NA,NA,NA,NA,NA,NA,NA,NA,NA,NA,NA,NA,NA,NA,NA,NA,NA,NA,NA,NA,elegant,NA,aggressive,NA,NA,NA
NA,NA,NA,NA,NA,NA,NA,NA,NA,NA,NA,NA,NA,NA,NA,NA,NA,NA,NA,NA,NA,NA,NA,NA,fair,NA,alert,NA,NA,NA
NA,NA,NA,NA,NA,NA,NA,NA,NA,NA,NA,NA,NA,NA,NA,NA,NA,NA,NA,NA,NA,NA,NA,NA,flowing,NA,audacious,NA,NA,NA
NA,NA,NA,NA,NA,NA,NA,NA,NA,NA,NA,NA,NA,NA,NA,NA,NA,NA,NA,NA,NA,NA,NA,NA,harmonious,NA,bold,NA,NA,NA
NA,NA,NA,NA,NA,NA,NA,NA,NA,NA,NA,NA,NA,NA,NA,NA,NA,NA,NA,NA,NA,NA,NA,NA,limber,NA,busy,NA,NA,NA
NA,NA,NA,NA,NA,NA,NA,NA,NA,NA,NA,NA,NA,NA,NA,NA,NA,NA,NA,NA,NA,NA,NA,NA,lissome,NA,coming-on-strong,NA,NA,NA
NA,NA,NA,NA,NA,NA,NA,NA,NA,NA,NA,NA,NA,NA,NA,NA,NA,NA,NA,NA,NA,NA,NA,NA,lithe,NA,craving,NA,NA,NA
NA,NA,NA,NA,NA,NA,NA,NA,NA,NA,NA,NA,NA,NA,NA,NA,NA,NA,NA,NA,NA,NA,NA,NA,natural,NA,driving,NA,NA,NA
NA,NA,NA,NA,NA,NA,NA,NA,NA,NA,NA,NA,NA,NA,NA,NA,NA,NA,NA,NA,NA,NA,NA,NA,nimble,NA,eager,NA,NA,NA
NA,NA,NA,NA,NA,NA,NA,NA,NA,NA,NA,NA,NA,NA,NA,NA,NA,NA,NA,NA,NA,NA,NA,NA,pleasing,NA,enthusiastic,NA,NA,NA
NA,NA,NA,NA,NA,NA,NA,NA,NA,NA,NA,NA,NA,NA,NA,NA,NA,NA,NA,NA,NA,NA,NA,NA,pliant,NA,go-ahead,NA,NA,NA
NA,NA,NA,NA,NA,NA,NA,NA,NA,NA,NA,NA,NA,NA,NA,NA,NA,NA,NA,NA,NA,NA,NA,NA,poised,NA,go-go,NA,NA,NA
NA,NA,NA,NA,NA,NA,NA,NA,NA,NA,NA,NA,NA,NA,NA,NA,NA,NA,NA,NA,NA,NA,NA,NA,practiced,NA,gumptious,NA,NA,NA
NA,NA,NA,NA,NA,NA,NA,NA,NA,NA,NA,NA,NA,NA,NA,NA,NA,NA,NA,NA,NA,NA,NA,NA,pretty,NA,hard-ball,NA,NA,NA
NA,NA,NA,NA,NA,NA,NA,NA,NA,NA,NA,NA,NA,NA,NA,NA,NA,NA,NA,NA,NA,NA,NA,NA,rhythmic,NA,hungry,NA,NA,NA
NA,NA,NA,NA,NA,NA,NA,NA,NA,NA,NA,NA,NA,NA,NA,NA,NA,NA,NA,NA,NA,NA,NA,NA,seemly,NA,hustling,NA,NA,NA
NA,NA,NA,NA,NA,NA,NA,NA,NA,NA,NA,NA,NA,NA,NA,NA,NA,NA,NA,NA,NA,NA,NA,NA,shapely,NA,itching,NA,NA,NA
NA,NA,NA,NA,NA,NA,NA,NA,NA,NA,NA,NA,NA,NA,NA,NA,NA,NA,NA,NA,NA,NA,NA,NA,skilled,NA,keen,NA,NA,NA
NA,NA,NA,NA,NA,NA,NA,NA,NA,NA,NA,NA,NA,NA,NA,NA,NA,NA,NA,NA,NA,NA,NA,NA,slender,NA,lively,NA,NA,NA
NA,NA,NA,NA,NA,NA,NA,NA,NA,NA,NA,NA,NA,NA,NA,NA,NA,NA,NA,NA,NA,NA,NA,NA,smooth,NA,lusting,NA,NA,NA
NA,NA,NA,NA,NA,NA,NA,NA,NA,NA,NA,NA,NA,NA,NA,NA,NA,NA,NA,NA,NA,NA,NA,NA,springy,NA,peppy,NA,NA,NA
NA,NA,NA,NA,NA,NA,NA,NA,NA,NA,NA,NA,NA,NA,NA,NA,NA,NA,NA,NA,NA,NA,NA,NA,statuesque,NA,progressive,NA,NA,NA
NA,NA,NA,NA,NA,NA,NA,NA,NA,NA,NA,NA,NA,NA,NA,NA,NA,NA,NA,NA,NA,NA,NA,NA,supple,NA,pushing,NA,NA,NA
NA,NA,NA,NA,NA,NA,NA,NA,NA,NA,NA,NA,NA,NA,NA,NA,NA,NA,NA,NA,NA,NA,NA,NA,symmetrical,NA,ready,NA,NA,NA
NA,NA,NA,NA,NA,NA,NA,NA,NA,NA,NA,NA,NA,NA,NA,NA,NA,NA,NA,NA,NA,NA,NA,NA,tasteful,NA,self,NA,NA,NA
NA,NA,NA,NA,NA,NA,NA,NA,NA,NA,NA,NA,NA,NA,NA,NA,NA,NA,NA,NA,NA,NA,NA,NA,trim,NA,snappy,NA,NA,NA
NA,NA,NA,NA,NA,NA,NA,NA,NA,NA,NA,NA,NA,NA,NA,NA,NA,NA,NA,NA,NA,NA,NA,NA,willowy,NA,spanking,NA,NA,NA
NA,NA,NA,NA,NA,NA,NA,NA,NA,NA,NA,NA,NA,NA,NA,NA,NA,NA,NA,NA,NA,NA,NA,NA,avant-garde,NA,spark-plug,NA,NA,NA
NA,NA,NA,NA,NA,NA,NA,NA,NA,NA,NA,NA,NA,NA,NA,NA,NA,NA,NA,NA,NA,NA,NA,NA,blue-sky,NA,spirited,NA,NA,NA
NA,NA,NA,NA,NA,NA,NA,NA,NA,NA,NA,NA,NA,NA,NA,NA,NA,NA,NA,NA,NA,NA,NA,NA,brain-wave,NA,stirring,NA,NA,NA
NA,NA,NA,NA,NA,NA,NA,NA,NA,NA,NA,NA,NA,NA,NA,NA,NA,NA,NA,NA,NA,NA,NA,NA,breaking-ground,NA,take-over,NA,NA,NA
NA,NA,NA,NA,NA,NA,NA,NA,NA,NA,NA,NA,NA,NA,NA,NA,NA,NA,NA,NA,NA,NA,NA,NA,dreamy,NA,up-and-coming,NA,NA,NA
NA,NA,NA,NA,NA,NA,NA,NA,NA,NA,NA,NA,NA,NA,NA,NA,NA,NA,NA,NA,NA,NA,NA,NA,enterprising,NA,venturesome,NA,NA,NA
NA,NA,NA,NA,NA,NA,NA,NA,NA,NA,NA,NA,NA,NA,NA,NA,NA,NA,NA,NA,NA,NA,NA,NA,extravagant,NA,yearning,NA,NA,NA
NA,NA,NA,NA,NA,NA,NA,NA,NA,NA,NA,NA,NA,NA,NA,NA,NA,NA,NA,NA,NA,NA,NA,NA,fanciful,NA,zealous,NA,NA,NA
NA,NA,NA,NA,NA,NA,NA,NA,NA,NA,NA,NA,NA,NA,NA,NA,NA,NA,NA,NA,NA,NA,NA,NA,fantastic,NA,zippy,NA,NA,NA
NA,NA,NA,NA,NA,NA,NA,NA,NA,NA,NA,NA,NA,NA,NA,NA,NA,NA,NA,NA,NA,NA,NA,NA,fertile,NA,NA,NA,NA,NA
NA,NA,NA,NA,NA,NA,NA,NA,NA,NA,NA,NA,NA,NA,NA,NA,NA,NA,NA,NA,NA,NA,NA,NA,fictive,NA,NA,NA,NA,NA
NA,NA,NA,NA,NA,NA,NA,NA,NA,NA,NA,NA,NA,NA,NA,NA,NA,NA,NA,NA,NA,NA,NA,NA,high-flown,NA,NA,NA,NA,NA
NA,NA,NA,NA,NA,NA,NA,NA,NA,NA,NA,NA,NA,NA,NA,NA,NA,NA,NA,NA,NA,NA,NA,NA,inspired,NA,NA,NA,NA,NA
NA,NA,NA,NA,NA,NA,NA,NA,NA,NA,NA,NA,NA,NA,NA,NA,NA,NA,NA,NA,NA,NA,NA,NA,offbeat,NA,NA,NA,NA,NA
NA,NA,NA,NA,NA,NA,NA,NA,NA,NA,NA,NA,NA,NA,NA,NA,NA,NA,NA,NA,NA,NA,NA,NA,original,NA,NA,NA,NA,NA
NA,NA,NA,NA,NA,NA,NA,NA,NA,NA,NA,NA,NA,NA,NA,NA,NA,NA,NA,NA,NA,NA,NA,NA,originative,NA,NA,NA,NA,NA
NA,NA,NA,NA,NA,NA,NA,NA,NA,NA,NA,NA,NA,NA,NA,NA,NA,NA,NA,NA,NA,NA,NA,NA,pie-in-the-sky,NA,NA,NA,NA,NA
NA,NA,NA,NA,NA,NA,NA,NA,NA,NA,NA,NA,NA,NA,NA,NA,NA,NA,NA,NA,NA,NA,NA,NA,poetic,NA,NA,NA,NA,NA
NA,NA,NA,NA,NA,NA,NA,NA,NA,NA,NA,NA,NA,NA,NA,NA,NA,NA,NA,NA,NA,NA,NA,NA,poetical,NA,NA,NA,NA,NA
NA,NA,NA,NA,NA,NA,NA,NA,NA,NA,NA,NA,NA,NA,NA,NA,NA,NA,NA,NA,NA,NA,NA,NA,productive,NA,NA,NA,NA,NA
NA,NA,NA,NA,NA,NA,NA,NA,NA,NA,NA,NA,NA,NA,NA,NA,NA,NA,NA,NA,NA,NA,NA,NA,quixotic,NA,NA,NA,NA,NA
NA,NA,NA,NA,NA,NA,NA,NA,NA,NA,NA,NA,NA,NA,NA,NA,NA,NA,NA,NA,NA,NA,NA,NA,romantic,NA,NA,NA,NA,NA
NA,NA,NA,NA,NA,NA,NA,NA,NA,NA,NA,NA,NA,NA,NA,NA,NA,NA,NA,NA,NA,NA,NA,NA,utopian,NA,NA,NA,NA,NA
NA,NA,NA,NA,NA,NA,NA,NA,NA,NA,NA,NA,NA,NA,NA,NA,NA,NA,NA,NA,NA,NA,NA,NA,visionary,NA,NA,NA,NA,NA
NA,NA,NA,NA,NA,NA,NA,NA,NA,NA,NA,NA,NA,NA,NA,NA,NA,NA,NA,NA,NA,NA,NA,NA,way-out,NA,NA,NA,NA,NA
NA,NA,NA,NA,NA,NA,NA,NA,NA,NA,NA,NA,NA,NA,NA,NA,NA,NA,NA,NA,NA,NA,NA,NA,whimsical,NA,NA,NA,NA,NA
NA,NA,NA,NA,NA,NA,NA,NA,NA,NA,NA,NA,NA,NA,NA,NA,NA,NA,NA,NA,NA,NA,NA,NA,able,NA,NA,NA,NA,NA
NA,NA,NA,NA,NA,NA,NA,NA,NA,NA,NA,NA,NA,NA,NA,NA,NA,NA,NA,NA,NA,NA,NA,NA,bright,NA,NA,NA,NA,NA
NA,NA,NA,NA,NA,NA,NA,NA,NA,NA,NA,NA,NA,NA,NA,NA,NA,NA,NA,NA,NA,NA,NA,NA,canny,NA,NA,NA,NA,NA
NA,NA,NA,NA,NA,NA,NA,NA,NA,NA,NA,NA,NA,NA,NA,NA,NA,NA,NA,NA,NA,NA,NA,NA,crafty,NA,NA,NA,NA,NA
NA,NA,NA,NA,NA,NA,NA,NA,NA,NA,NA,NA,NA,NA,NA,NA,NA,NA,NA,NA,NA,NA,NA,NA,creative,NA,NA,NA,NA,NA
NA,NA,NA,NA,NA,NA,NA,NA,NA,NA,NA,NA,NA,NA,NA,NA,NA,NA,NA,NA,NA,NA,NA,NA,cunning,NA,NA,NA,NA,NA
NA,NA,NA,NA,NA,NA,NA,NA,NA,NA,NA,NA,NA,NA,NA,NA,NA,NA,NA,NA,NA,NA,NA,NA,deviceful,NA,NA,NA,NA,NA
NA,NA,NA,NA,NA,NA,NA,NA,NA,NA,NA,NA,NA,NA,NA,NA,NA,NA,NA,NA,NA,NA,NA,NA,gifted,NA,NA,NA,NA,NA
NA,NA,NA,NA,NA,NA,NA,NA,NA,NA,NA,NA,NA,NA,NA,NA,NA,NA,NA,NA,NA,NA,NA,NA,imaginative,NA,NA,NA,NA,NA
NA,NA,NA,NA,NA,NA,NA,NA,NA,NA,NA,NA,NA,NA,NA,NA,NA,NA,NA,NA,NA,NA,NA,NA,innovational,NA,NA,NA,NA,NA
NA,NA,NA,NA,NA,NA,NA,NA,NA,NA,NA,NA,NA,NA,NA,NA,NA,NA,NA,NA,NA,NA,NA,NA,innovative,NA,NA,NA,NA,NA
NA,NA,NA,NA,NA,NA,NA,NA,NA,NA,NA,NA,NA,NA,NA,NA,NA,NA,NA,NA,NA,NA,NA,NA,innovatory,NA,NA,NA,NA,NA
NA,NA,NA,NA,NA,NA,NA,NA,NA,NA,NA,NA,NA,NA,NA,NA,NA,NA,NA,NA,NA,NA,NA,NA,intelligent,NA,NA,NA,NA,NA
NA,NA,NA,NA,NA,NA,NA,NA,NA,NA,NA,NA,NA,NA,NA,NA,NA,NA,NA,NA,NA,NA,NA,NA,inventive,NA,NA,NA,NA,NA
NA,NA,NA,NA,NA,NA,NA,NA,NA,NA,NA,NA,NA,NA,NA,NA,NA,NA,NA,NA,NA,NA,NA,NA,ready,NA,NA,NA,NA,NA
NA,NA,NA,NA,NA,NA,NA,NA,NA,NA,NA,NA,NA,NA,NA,NA,NA,NA,NA,NA,NA,NA,NA,NA,resourceful,NA,NA,NA,NA,NA
NA,NA,NA,NA,NA,NA,NA,NA,NA,NA,NA,NA,NA,NA,NA,NA,NA,NA,NA,NA,NA,NA,NA,NA,shrewd,NA,NA,NA,NA,NA
NA,NA,NA,NA,NA,NA,NA,NA,NA,NA,NA,NA,NA,NA,NA,NA,NA,NA,NA,NA,NA,NA,NA,NA,skillful,NA,NA,NA,NA,NA
NA,NA,NA,NA,NA,NA,NA,NA,NA,NA,NA,NA,NA,NA,NA,NA,NA,NA,NA,NA,NA,NA,NA,NA,sly,NA,NA,NA,NA,NA
NA,NA,NA,NA,NA,NA,NA,NA,NA,NA,NA,NA,NA,NA,NA,NA,NA,NA,NA,NA,NA,NA,NA,NA,subtle,NA,NA,NA,NA,NA
NA,NA,NA,NA,NA,NA,NA,NA,NA,NA,NA,NA,NA,NA,NA,NA,NA,NA,NA,NA,NA,NA,NA,NA,breaking-new-ground,NA,NA,NA,NA,NA
NA,NA,NA,NA,NA,NA,NA,NA,NA,NA,NA,NA,NA,NA,NA,NA,NA,NA,NA,NA,NA,NA,NA,NA,causative,NA,NA,NA,NA,NA
NA,NA,NA,NA,NA,NA,NA,NA,NA,NA,NA,NA,NA,NA,NA,NA,NA,NA,NA,NA,NA,NA,NA,NA,demiurgic,NA,NA,NA,NA,NA
NA,NA,NA,NA,NA,NA,NA,NA,NA,NA,NA,NA,NA,NA,NA,NA,NA,NA,NA,NA,NA,NA,NA,NA,forgetive,NA,NA,NA,NA,NA
NA,NA,NA,NA,NA,NA,NA,NA,NA,NA,NA,NA,NA,NA,NA,NA,NA,NA,NA,NA,NA,NA,NA,NA,formative,NA,NA,NA,NA,NA
NA,NA,NA,NA,NA,NA,NA,NA,NA,NA,NA,NA,NA,NA,NA,NA,NA,NA,NA,NA,NA,NA,NA,NA,fruitful,NA,NA,NA,NA,NA
NA,NA,NA,NA,NA,NA,NA,NA,NA,NA,NA,NA,NA,NA,NA,NA,NA,NA,NA,NA,NA,NA,NA,NA,teeming,NA,NA,NA,NA,NA
NA,NA,NA,NA,NA,NA,NA,NA,NA,NA,NA,NA,NA,NA,NA,NA,NA,NA,NA,NA,NA,NA,NA,NA,arresting,NA,NA,NA,NA,NA
NA,NA,NA,NA,NA,NA,NA,NA,NA,NA,NA,NA,NA,NA,NA,NA,NA,NA,NA,NA,NA,NA,NA,NA,charming,NA,NA,NA,NA,NA
NA,NA,NA,NA,NA,NA,NA,NA,NA,NA,NA,NA,NA,NA,NA,NA,NA,NA,NA,NA,NA,NA,NA,NA,photographic,NA,NA,NA,NA,NA
NA,NA,NA,NA,NA,NA,NA,NA,NA,NA,NA,NA,NA,NA,NA,NA,NA,NA,NA,NA,NA,NA,NA,NA,pleasant,NA,NA,NA,NA,NA
NA,NA,NA,NA,NA,NA,NA,NA,NA,NA,NA,NA,NA,NA,NA,NA,NA,NA,NA,NA,NA,NA,NA,NA,quaint,NA,NA,NA,NA,NA
NA,NA,NA,NA,NA,NA,NA,NA,NA,NA,NA,NA,NA,NA,NA,NA,NA,NA,NA,NA,NA,NA,NA,NA,scenic,NA,NA,NA,NA,NA
NA,NA,NA,NA,NA,NA,NA,NA,NA,NA,NA,NA,NA,NA,NA,NA,NA,NA,NA,NA,NA,NA,NA,NA,accomplished,NA,NA,NA,NA,NA
NA,NA,NA,NA,NA,NA,NA,NA,NA,NA,NA,NA,NA,NA,NA,NA,NA,NA,NA,NA,NA,NA,NA,NA,adept,NA,NA,NA,NA,NA
NA,NA,NA,NA,NA,NA,NA,NA,NA,NA,NA,NA,NA,NA,NA,NA,NA,NA,NA,NA,NA,NA,NA,NA,capable,NA,NA,NA,NA,NA
NA,NA,NA,NA,NA,NA,NA,NA,NA,NA,NA,NA,NA,NA,NA,NA,NA,NA,NA,NA,NA,NA,NA,NA,cut-out-for,NA,NA,NA,NA,NA
NA,NA,NA,NA,NA,NA,NA,NA,NA,NA,NA,NA,NA,NA,NA,NA,NA,NA,NA,NA,NA,NA,NA,NA,endowed,NA,NA,NA,NA,NA
NA,NA,NA,NA,NA,NA,NA,NA,NA,NA,NA,NA,NA,NA,NA,NA,NA,NA,NA,NA,NA,NA,NA,NA,expert,NA,NA,NA,NA,NA
NA,NA,NA,NA,NA,NA,NA,NA,NA,NA,NA,NA,NA,NA,NA,NA,NA,NA,NA,NA,NA,NA,NA,NA,having-a-knack,NA,NA,NA,NA,NA
NA,NA,NA,NA,NA,NA,NA,NA,NA,NA,NA,NA,NA,NA,NA,NA,NA,NA,NA,NA,NA,NA,NA,NA,proficient,NA,NA,NA,NA,NA
NA,NA,NA,NA,NA,NA,NA,NA,NA,NA,NA,NA,NA,NA,NA,NA,NA,NA,NA,NA,NA,NA,NA,NA,shining-at,NA,NA,NA,NA,NA
NA,NA,NA,NA,NA,NA,NA,NA,NA,NA,NA,NA,NA,NA,NA,NA,NA,NA,NA,NA,NA,NA,NA,NA,smart,NA,NA,NA,NA,NA
NA,NA,NA,NA,NA,NA,NA,NA,NA,NA,NA,NA,NA,NA,NA,NA,NA,NA,NA,NA,NA,NA,NA,NA,aesthetically-pleasing,NA,NA,NA,NA,NA
NA,NA,NA,NA,NA,NA,NA,NA,NA,NA,NA,NA,NA,NA,NA,NA,NA,NA,NA,NA,NA,NA,NA,NA,chaste,NA,NA,NA,NA,NA
NA,NA,NA,NA,NA,NA,NA,NA,NA,NA,NA,NA,NA,NA,NA,NA,NA,NA,NA,NA,NA,NA,NA,NA,classical,NA,NA,NA,NA,NA
NA,NA,NA,NA,NA,NA,NA,NA,NA,NA,NA,NA,NA,NA,NA,NA,NA,NA,NA,NA,NA,NA,NA,NA,classy,NA,NA,NA,NA,NA
NA,NA,NA,NA,NA,NA,NA,NA,NA,NA,NA,NA,NA,NA,NA,NA,NA,NA,NA,NA,NA,NA,NA,NA,delectable,NA,NA,NA,NA,NA
NA,NA,NA,NA,NA,NA,NA,NA,NA,NA,NA,NA,NA,NA,NA,NA,NA,NA,NA,NA,NA,NA,NA,NA,discriminating,NA,NA,NA,NA,NA
NA,NA,NA,NA,NA,NA,NA,NA,NA,NA,NA,NA,NA,NA,NA,NA,NA,NA,NA,NA,NA,NA,NA,NA,esthetic,NA,NA,NA,NA,NA
NA,NA,NA,NA,NA,NA,NA,NA,NA,NA,NA,NA,NA,NA,NA,NA,NA,NA,NA,NA,NA,NA,NA,NA,fastidious,NA,NA,NA,NA,NA
NA,NA,NA,NA,NA,NA,NA,NA,NA,NA,NA,NA,NA,NA,NA,NA,NA,NA,NA,NA,NA,NA,NA,NA,gratifying,NA,NA,NA,NA,NA
NA,NA,NA,NA,NA,NA,NA,NA,NA,NA,NA,NA,NA,NA,NA,NA,NA,NA,NA,NA,NA,NA,NA,NA,in-good-taste,NA,NA,NA,NA,NA
NA,NA,NA,NA,NA,NA,NA,NA,NA,NA,NA,NA,NA,NA,NA,NA,NA,NA,NA,NA,NA,NA,NA,NA,plush,NA,NA,NA,NA,NA
NA,NA,NA,NA,NA,NA,NA,NA,NA,NA,NA,NA,NA,NA,NA,NA,NA,NA,NA,NA,NA,NA,NA,NA,posh,NA,NA,NA,NA,NA
NA,NA,NA,NA,NA,NA,NA,NA,NA,NA,NA,NA,NA,NA,NA,NA,NA,NA,NA,NA,NA,NA,NA,NA,precise,NA,NA,NA,NA,NA
NA,NA,NA,NA,NA,NA,NA,NA,NA,NA,NA,NA,NA,NA,NA,NA,NA,NA,NA,NA,NA,NA,NA,NA,pure,NA,NA,NA,NA,NA
NA,NA,NA,NA,NA,NA,NA,NA,NA,NA,NA,NA,NA,NA,NA,NA,NA,NA,NA,NA,NA,NA,NA,NA,quiet,NA,NA,NA,NA,NA
NA,NA,NA,NA,NA,NA,NA,NA,NA,NA,NA,NA,NA,NA,NA,NA,NA,NA,NA,NA,NA,NA,NA,NA,restrained,NA,NA,NA,NA,NA
NA,NA,NA,NA,NA,NA,NA,NA,NA,NA,NA,NA,NA,NA,NA,NA,NA,NA,NA,NA,NA,NA,NA,NA,savory,NA,NA,NA,NA,NA
NA,NA,NA,NA,NA,NA,NA,NA,NA,NA,NA,NA,NA,NA,NA,NA,NA,NA,NA,NA,NA,NA,NA,NA,snazzy,NA,NA,NA,NA,NA
NA,NA,NA,NA,NA,NA,NA,NA,NA,NA,NA,NA,NA,NA,NA,NA,NA,NA,NA,NA,NA,NA,NA,NA,spiffy,NA,NA,NA,NA,NA
NA,NA,NA,NA,NA,NA,NA,NA,NA,NA,NA,NA,NA,NA,NA,NA,NA,NA,NA,NA,NA,NA,NA,NA,splendiferous,NA,NA,NA,NA,NA
NA,NA,NA,NA,NA,NA,NA,NA,NA,NA,NA,NA,NA,NA,NA,NA,NA,NA,NA,NA,NA,NA,NA,NA,subdued,NA,NA,NA,NA,NA
NA,NA,NA,NA,NA,NA,NA,NA,NA,NA,NA,NA,NA,NA,NA,NA,NA,NA,NA,NA,NA,NA,NA,NA,swank,NA,NA,NA,NA,NA
NA,NA,NA,NA,NA,NA,NA,NA,NA,NA,NA,NA,NA,NA,NA,NA,NA,NA,NA,NA,NA,NA,NA,NA,tasty,NA,NA,NA,NA,NA
NA,NA,NA,NA,NA,NA,NA,NA,NA,NA,NA,NA,NA,NA,NA,NA,NA,NA,NA,NA,NA,NA,NA,NA,unaffected,NA,NA,NA,NA,NA
NA,NA,NA,NA,NA,NA,NA,NA,NA,NA,NA,NA,NA,NA,NA,NA,NA,NA,NA,NA,NA,NA,NA,NA,unobtrusive,NA,NA,NA,NA,NA
NA,NA,NA,NA,NA,NA,NA,NA,NA,NA,NA,NA,NA,NA,NA,NA,NA,NA,NA,NA,NA,NA,NA,NA,uptown,NA,NA,NA,NA,NA
NA,NA,NA,NA,NA,NA,NA,NA,NA,NA,NA,NA,NA,NA,NA,NA,NA,NA,NA,NA,NA,NA,NA,NA,artful,NA,NA,NA,NA,NA
NA,NA,NA,NA,NA,NA,NA,NA,NA,NA,NA,NA,NA,NA,NA,NA,NA,NA,NA,NA,NA,NA,NA,NA,gorgeous,NA,NA,NA,NA,NA
NA,NA,NA,NA,NA,NA,NA,NA,NA,NA,NA,NA,NA,NA,NA,NA,NA,NA,NA,NA,NA,NA,NA,NA,arty-crafty,NA,NA,NA,NA,NA
NA,NA,NA,NA,NA,NA,NA,NA,NA,NA,NA,NA,NA,NA,NA,NA,NA,NA,NA,NA,NA,NA,NA,NA,cutesy,NA,NA,NA,NA,NA
NA,NA,NA,NA,NA,NA,NA,NA,NA,NA,NA,NA,NA,NA,NA,NA,NA,NA,NA,NA,NA,NA,NA,NA,flaunting,NA,NA,NA,NA,NA
NA,NA,NA,NA,NA,NA,NA,NA,NA,NA,NA,NA,NA,NA,NA,NA,NA,NA,NA,NA,NA,NA,NA,NA,pretentiously-artistic,NA,NA,NA,NA,NA
